{"cameraMode":{"drawMode":0,"name":"Shaded","section":"Shading Mode"},"sceneLighting":true,"audioPlay":false,"sceneViewState":{"showFog":true,"showMaterialUpdate":false,"showSkybox":true,"showFlares":true,"showImageEffects":true,"showParticleSystems":true},"in2DMode":false,"pivot":{"x":-2.3534257411956789,"y":-1.3885750770568848,"z":2.9591572284698488},"rotation":{"x":0.14428246021270753,"y":0.42801782488822939,"z":-0.06942865252494812,"w":0.8894771933555603},"size":10.229978561401368,"orthographic":false}