{"cameraMode":{"drawMode":0,"name":"Shaded","section":"Shading Mode"},"sceneLighting":false,"audioPlay":false,"sceneViewState":{"showFog":true,"showMaterialUpdate":false,"showSkybox":false,"showFlares":true,"showImageEffects":true,"showParticleSystems":true},"in2DMode":false,"pivot":{"x":724.0744018554688,"y":1487.529541015625,"z":7.187649250030518},"rotation":{"x":-0.18920204043388368,"y":0.1834893822669983,"z":-0.036014389246702197,"w":-0.9639732837677002},"size":78.85372161865235,"orthographic":false}